state_id,P_exact,P_emp
"het:edges=0-1,0-2,0-3,0-4;types=0,0,0,0,1",0.02322156461369631,0.023504273504273504
"het:edges=0-1,0-2,0-3,2-4;types=0,0,0,1,0",0.17747696491819395,0.17094017094017094
"het:edges=0-1,0-2,0-3,3-4;types=0,0,0,0,1",0.08873848245909731,0.08903133903133903
"het:edges=0-1,0-2,0-3,3-4;types=0,0,0,1,0",0.09375581080270526,0.0933048433048433
"het:edges=0-1,0-2,1-3,2-4;types=0,0,0,0,1",0.20030492397801952,0.202991452991453
"het:edges=0-1,0-2,1-3,2-4;types=0,0,1,0,0",0.21163028750226523,0.2101139601139601
"het:edges=0-1,0-2,1-3,2-4;types=1,0,0,0,0",0.10581514375113282,0.10541310541310542
"het:edges=0-1,0-2,2-3,2-4;types=0,0,1,0,0",0.09905682197488953,0.1047008547008547
