state_id,P_exact,P_emp
"het:edges=0-1,0-2,0-3,0-4;types=0,0,0,0,2",0.02538599480302541,0.019230769230769232
"het:edges=0-1,0-2,0-3,2-4;types=0,0,0,2,0",0.19401919655373445,0.19658119658119658
"het:edges=0-1,0-2,0-3,3-4;types=0,0,0,0,2",0.09700959827686745,0.08404558404558404
"het:edges=0-1,0-2,0-3,3-4;types=0,0,0,2,0",0.1059333290410661,0.10541310541310542
"het:edges=0-1,0-2,1-3,2-4;types=0,0,0,0,2",0.2189748987080422,0.21723646723646722
"het:edges=0-1,0-2,1-3,2-4;types=0,0,2,0,0",0.23911798841150944,0.24643874643874644
"het:edges=0-1,0-2,1-3,2-4;types=2,0,0,0,0",0.11955899420575489,0.13105413105413105
