state_id,P_exact,P_emp
"het:edges=0-1,0-2;types=0,0,1",0.6440869287927795,0.625
"het:edges=0-1,0-2;types=1,0,0",0.3559130712072204,0.375
