state_id,P_exact,P_emp
"het:edges=0-1,0-2;types=0,0,2",0.6286618743075633,0.6079545454545454
"het:edges=0-1,0-2;types=2,0,0",0.3713381256924368,0.39204545454545453
