formula,steps_total,steps_per_chain,coverage_unique_eq,kl_exact_emp,kl_emp_exact,accept_rate,samples
C2H6O,2000,500,1.0,0.0009054734663253329,0.0009117641098991408,0.9445,352
C2H7N,2000,500,1.0,0.0007827317510088437,0.000788533941628082,0.9725,352
C3H8O,4000,667,1.0,0.0008573576458628818,0.0008560658569064829,0.8428285857071465,702
