state_id,P_exact,P_emp
"het:edges=0-1,0-2,0-3,0-4;types=0,0,0,0,1",0.02322156461369631,0.02207977207977208
"het:edges=0-1,0-2,0-3,2-4;types=0,0,0,1,0",0.17747696491819395,0.1858974358974359
"het:edges=0-1,0-2,0-3,3-4;types=0,0,0,0,1",0.08873848245909731,0.07336182336182336
"het:edges=0-1,0-2,0-3,3-4;types=0,0,0,1,0",0.09375581080270526,0.10683760683760683
"het:edges=0-1,0-2,1-3,2-4;types=0,0,0,0,1",0.20030492397801952,0.1972934472934473
"het:edges=0-1,0-2,1-3,2-4;types=0,0,1,0,0",0.21163028750226523,0.21153846153846154
"het:edges=0-1,0-2,1-3,2-4;types=1,0,0,0,0",0.10581514375113282,0.09188034188034189
"het:edges=0-1,0-2,2-3,2-4;types=0,0,1,0,0",0.09905682197488953,0.1111111111111111
