state_id,P_exact,P_emp
"het:edges=0-1,0-2,0-3,0-4;types=0,0,0,0,1",0.02322156461369631,0.020655270655270654
"het:edges=0-1,0-2,0-3,2-4;types=0,0,0,1,0",0.17747696491819395,0.17022792022792022
"het:edges=0-1,0-2,0-3,3-4;types=0,0,0,0,1",0.08873848245909731,0.08333333333333333
"het:edges=0-1,0-2,0-3,3-4;types=0,0,0,1,0",0.09375581080270526,0.10042735042735043
"het:edges=0-1,0-2,1-3,2-4;types=0,0,0,0,1",0.20030492397801952,0.21082621082621084
"het:edges=0-1,0-2,1-3,2-4;types=0,0,1,0,0",0.21163028750226523,0.20156695156695156
"het:edges=0-1,0-2,1-3,2-4;types=1,0,0,0,0",0.10581514375113282,0.10398860398860399
"het:edges=0-1,0-2,2-3,2-4;types=0,0,1,0,0",0.09905682197488953,0.10897435897435898
