Z,El,role,period,chi_spec,E_port,D_index,A_index,N_min,N_max,N_best,A_best,N_over_Z,F_min,band_width,allowed_N,living_hub
5,B,hub,2,1.4116037852188463,1.141150998560102,0.0,1.237,5,9,9,14,1.8,-86.32620846414397,2,8;9,True
6,C,hub,2,1.7055745257082264,1.3787991315345403,0.0,1.237,6,10,10,16,1.6666666666666667,-116.71408279426504,1,10,True
7,N,hub,2,1.9341880755536673,1.5636120255082193,0.0,1.237,7,12,12,19,1.7142857142857142,-136.15577583180053,3,10;11;12,True
8,O,bridge,2,2.397941581152393,1.938513808530633,0.0,1.237,8,14,14,22,1.75,-155.9742512273564,3,12;13;14,False
9,F,terminator,2,5.523390257293875,4.465149763374192,0.0,1.237,9,16,16,25,1.7777777777777777,-187.92591909549665,1,16,False
10,Ne,inert,2,0.0,0.0,-0.0,0.0,10,18,18,28,1.8,-219.40182086299978,1,18,False
