state_id,P_exact,P_emp
"het:edges=0-1,0-2,0-3;types=0,0,0,2",0.17139876549150174,0.12857142857142856
"het:edges=0-1,0-2,2-3;types=0,0,0,2",0.38844049194851804,0.39285714285714285
"het:edges=0-1,0-2,2-3;types=0,0,2,0",0.44016074255998017,0.4785714285714286
