N,F_spec,F_fdm,rel_error
100,1.254755128406831,0.3069301501319477,0.7553864150994477
200,1.253669775986579,0.2926760372028419,0.7665445535906618
